.mode column

CREATE TABLE IF NOT EXISTS LENGUA_MATERNA (
abreviatura TEXT,
nombre TEXT,
descripcion TEXT,
PRIMARY KEY(abreviatura)
);

CREATE TABLE IF NOT EXISTS ASOCIACION (
cif TEXT,
nombre TEXT,
PRIMARY KEY(cif)
);

CREATE TABLE IF NOT EXISTS PERSONA (
dni INTEGER,
nombre TEXT,
edad INTEGER,
ciudad TEXT,
altura REAL,
lengua TEXT,

PRIMARY KEY(dni),
FOREIGN KEY(lengua) REFERENCES LENGUA_MATERNA(abreviatura)
);

CREATE TABLE IF NOT EXISTS AFILIACIONES(
persona INTEGER,
asociacion TEXT,
fecha_alta TEXT,
PRIMARY KEY(persona, asociacion)
);

DELETE FROM AFILIACIONES;
DELETE FROM PERSONA;
DELETE FROM ASOCIACION;
DELETE FROM LENGUA_MATERNA;


INSERT INTO LENGUA_MATERNA VALUES('cs', 'castellano', 'España');
INSERT INTO LENGUA_MATERNA VALUES('va', 'valenciano', 'C.Valenciana');
INSERT INTO LENGUA_MATERNA VALUES('en', 'inglés', 'Reino Unido');
INSERT INTO LENGUA_MATERNA VALUES('fr', 'francés', 'Francia');

INSERT INTO ASOCIACION VALUES('1', 'Asociación de vecinos');
INSERT INTO ASOCIACION VALUES('2', 'Programando juntos');
INSERT INTO ASOCIACION VALUES('3', 'Club de cocina');

INSERT INTO PERSONA VALUES(111111111, 'Ana', 15, 'Morella', 165, 'cs');
INSERT INTO PERSONA VALUES(222222222, 'Pepito', 8, 'Elche', 132, 'cs');
INSERT INTO PERSONA VALUES(333333333, 'Mireia', 8, 'Manises', 170, 'va');
INSERT INTO PERSONA VALUES(444444444, 'Joan', 82, 'Oliva', 170, 'va');

INSERT INTO AFILIACIONES VALUES(444444444, '1', '15/01/2020');
INSERT INTO AFILIACIONES VALUES(111111111, '1', '30/04/2021');
INSERT INTO AFILIACIONES VALUES(111111111, '2', '01/05/2021');

